MWE,Category,POS 1,POS 2
4_wd,c,noun,
a_bit,ffi,adv,noun
a_cappella,ffi,noun,adv
a_little,ffi,adv,
a_long_way,s,adv,
a_lot,ffi,noun,adv
abdominal_cavity,c,noun,
abide_by,ffi,verb,
abominable_snowman,pn,noun,
about_turn,c,noun,
above_-_mentioned,c,adj,
absolute_zero,c,noun,
accordion_player,c,noun,
accounts_receivable,ffi,noun,
ace_of_spades,ffi,noun,
acetic_anhydride,c,noun,
acrylic_acid,c,noun,
act_of_god,s,noun,
acts_of_the_apostles,pn,noun,
acute_accent,c,noun,
ad_-_lib,ffi,adv,adj
add_-_on,ffi,noun,
add_up,ffi,verb,
addis_ababa,pn,noun,
adenosine_triphosphate,c,noun,
adhesive_tape,c,noun,
admiralty_law,c,noun,
all_-_encompassing,c,adj,
all_-_powerful,c,adj,
all_of_a_sudden,ffi,adv,
allergic_rhinitis,ffi,noun,
alpha_and_omega,pn,noun,
altar_boy,c,noun,
alternating_current,c,noun,
alternative_medicine,c,noun,
american_eagle,c,noun,
american_lion,c,noun,
amniotic_fluid,c,noun,
amplitude_modulation,c,noun,
amusement_park,c,noun,
anal_sex,c,noun,
angular_velocity,c,noun,
animal_kingdom,c,noun,
animated_cartoon,c,noun,
appellate_court,c,noun,
apple_tree,c,noun,
arab_league,pn,noun,
aral_sea,pn,noun,
arctic_ocean,pn,noun,
armillary_sphere,c,noun,
arms_race,c,noun,
arrest_warrant,c,noun,
art_history,c,noun,
artesian_well,c,noun,
as_much_as_possible,ffi,adv,
as_such,ffi,adv,
as_well,ffi,adv,
as_yet,ffi,adv,
ascorbic_acid,c,noun,
asia_minor,pn,noun,
assault_rifle,c,noun,
assembly_language,c,noun,
association_football,c,noun,
at_first,ffi,adv,
at_random,ffi,adv,
at_some_time,s,adv,
athlete_'s_foot,s,noun,
atom_smasher,c,noun,
atomic_energy,c,noun,
atomic_mass,c,noun,
atomic_pile,c,noun,
attention_deficit_hyperactivity_disorder,c,noun,
australian_dollar,c,noun,
australian_rules_football,c,noun,
automatic_transmission,c,noun,
autonomic_nervous_system,c,noun,
baby_boomer,c,noun,
back_pain,c,noun,
back_street,c,noun,
bahasa_malaysia,pn,noun,
bail_bond,c,noun,
bail_out,ffi,verb,
baker_'s_dozen,c,noun,
baking_soda,c,noun,
balance_sheet,c,noun,
balkan_peninsula,pn,noun,
ball_field,c,noun,
ballot_box,c,noun,
ballpoint_pen,c,noun,
baltic_sea,pn,noun,
bank_statement,c,noun,
banyan_tree,c,noun,
barn_owl,c,noun,
barn_swallow,c,noun,
barrel_organ,c,noun,
baseball_field,c,noun,
bass_drum,c,noun,
battle_cry,c,noun,
bay_of_bengal,pn,noun,
bay_of_biscay,pn,noun,
bb_gun,c,noun,
be_afraid_of,s,misc,
beer_garden,c,noun,
bell_ringer,c,noun,
bell_tower,c,noun,
belly_button,c,noun,
belly_dance,c,noun,
bend_sinister,c,noun,
bengal_tiger,c,noun,
benzoic_acid,c,noun,
bering_strait,pn,noun,
bermuda_triangle,c,noun,
beta_particle,c,noun,
big_apple,ffi,noun,
big_baby,c,noun,
big_bang,c,noun,
big_hand,c,noun,
big_sister,c,noun,
big_wheel,c,noun,
bile_duct,c,noun,
bill_of_exchange,ffi,noun,
billy_goat,c,noun,
biological_weapon,c,noun,
bird_dog,ffi,noun,
birth_certificate,c,noun,
birth_control,c,noun,
birthday_present,c,noun,
black_art,c,noun,
black_box,c,noun,
black_flag,c,noun,verb
black_grouse,c,noun,
black_ice,c,noun,
black_market,c,noun,
black_pepper,c,noun,
black_pudding,ffi,noun,
black_rhinoceros,c,noun,
blank_check,c,noun,
blazing_star,c,noun,
blind_alley,ffi,noun,
blind_spot,c,noun,
blood_donor,c,noun,
blood_money,c,noun,
blood_poisoning,c,noun,
blood_sugar,c,noun,
blood_transfusion,c,noun,
blood_vessel,c,noun,
blow_off,ffi,verb,
blow_up,ffi,verb,
board_game,c,noun,
body_language,c,noun,
body_temperature,c,noun,
bomb_shelter,c,noun,
bon_vivant,ffi,noun,
bony_fish,c,noun,
book_of_mormon,pn,noun,
boolean_logic,c,noun,
bosnia_and_herzegovina,pn,noun,
bow_and_arrow,ffi,noun,
bowling_alley,c,noun,
box_office,c,noun,
boy_scout,c,noun,
brain_drain,c,noun,
brain_stem,c,noun,
break_-_in,ffi,noun,
break_off,ffi,verb,
breast_cancer,c,noun,
british_isles,pn,noun,
bronze_age,pn,noun,
brown_rat,c,noun,
bullet_train,c,noun,
bulletin_board,c,noun,
burden_of_proof,ffi,noun,
burn_down,ffi,verb,
bus_route,c,noun,
bus_station,c,noun,
bus_stop,c,noun,
bush_fire,c,noun,
butyric_acid,c,noun,
by_-product,ffi,noun,
c_major,c,noun,
cabernet_sauvignon,c,noun,
cake_shop,c,noun,
calcium_carbide,c,noun,
calcium_sulfate,c,noun,
calculus_of_variations,s,noun,
calm_down,ffi,verb,
canadian_football,pn,noun,
canal_zone,pn,noun,
cannon_fodder,c,noun,
cape_horn,pn,noun,
cape_of_good_hope,pn,noun,
cape_verde,pn,noun,
capital_punishment,c,noun,
capitol_hill,pn,noun,
car_bomb,c,noun,
car_park,c,noun,
carbolic_acid,c,noun,
carbon_black,c,noun,
carbon_dioxide,c,noun,
carbon_monoxide,c,noun,
carbonic_acid,c,noun,
cargo_hold,c,noun,
caribbean_sea,pn,noun,
carpal_tunnel,c,noun,
carriage_house,c,noun,
case_law,c,noun,
cash_cow,c,noun,
cash_register,c,noun,
castor_oil,c,noun,
cell_wall,c,noun,
cellular_telephone,c,noun,
center_of_gravity,ffi,noun,
central_america,pn,noun,
central_processing_unit,c,noun,
cerebral_cortex,c,noun,
cha_-_cha,ffi,noun,
chain_mail,c,noun,
chain_store,c,noun,
chamber_music,c,noun,
chancel_screen,c,noun,
channel_tunnel,pn,noun,
charge_card,c,noun,
chat_show,c,noun,
check_in,ffi,verb,
cheer_up,ffi,verb,
chemical_formula,c,noun,
chemical_reaction,c,noun,
cherry_tree,c,noun,
chest_nut,c,noun,
chewing_gum,c,noun,
children_'s_home,ffi,noun,
chill_out,ffi,noun,
chinese_taipei,pn,noun,
chip_in,ffi,verb,
chocolate_bar,c,noun,
christmas_day,pn,noun,
christmas_eve,pn,noun,
christmas_present,c,noun,
christmas_tree,c,noun,
circuit_breaker,c,noun,
citric_acid,c,noun,
city_council,c,noun,
city_hall,c,noun,
civil_engineering,c,noun,
civil_marriage,c,noun,
class_struggle,c,noun,
clock_face,c,noun,
close_to,ffi,adv,
cloud_nine,ffi,noun,
coal_gas,c,noun,
coal_mine,c,noun,
coarse_-_grained,c,adj,
coat_of_arms,s,noun,
coconut_milk,c,noun,
coefficient_of_friction,s,noun,
coffee_bean,c,noun,
coffee_shop,c,noun,
coffee_table,c,noun,
cold_front,c,noun,
collective_bargaining,c,noun,
color_blindness,c,noun,
colorado_river,pn,noun,
colour_television,c,noun,
colour_tv,c,noun,
coma_berenices,pn,noun,
come_across,ffi,verb,
come_back,ffi,verb,
comfort_station,c,noun,
common_-_law_marriage,c,noun,
common_cold,c,noun,
common_market,c,noun,
common_year,c,noun,
commonwealth_of_dominica,pn,noun,
compound_eye,c,noun,
computational_linguistics,c,noun,
computer_program,c,noun,
computer_scientist,c,noun,
concentration_camp,c,noun,
condensed_milk,c,noun,
congenital_heart_defect,c,noun,
conic_section,c,noun,
connecting_rod,c,noun,
connective_tissue,c,noun,
conscientious_objector,c,noun,
contact_lens,c,noun,
container_ship,c,noun,
continental_drift,c,noun,
continental_shelf,c,noun,
continuous_track,c,noun,
contour_line,c,noun,
contradiction_in_terms,s,noun,
control_surface,c,noun,
convenience_store,c,noun,
conveyor_belt,c,noun,
cookery_book,c,noun,
cooling_tower,c,noun,
cor_anglais,ffi,noun,
coral_snake,c,noun,
coriolis_force,c,noun,
cork_oak,c,noun,
corner_kick,c,noun,
coronary_artery_disease,c,noun,
cost_of_living,s,noun,
costa_rican,c,adj,
country_of_origin,s,noun,
court_of_last_resort,s,noun,
covalent_bond,c,noun,
cover_letter,c,noun,
cover_version,c,noun,
cowboy_hat,c,noun,
cradle_song,c,noun,
cranial_nerve,c,noun,
crew_cut,c,noun,
criminal_law,c,noun,
cross_over,c,noun,verb
cross_section,c,noun,
crossword_puzzle,c,noun,
crow_'s_nest,ffi,noun,
cruise_missile,c,noun,
crystal_ball,c,noun,
cubic_metre,c,noun,
cultural_revolution,c,noun,
current_account,c,noun,
curry_powder,c,noun,
cyrillic_alphabet,pn,noun,
cystic_fibrosis,c,noun,
dairy_product,c,noun,
dance_floor,c,noun,
dance_music,c,noun,
dar_es_salaam,pn,noun,
dark_-_skinned,c,noun,
day_care_center,c,noun,
de_jure,ffi,adv,adj
death_knell,c,noun,
death_row,c,noun,
death_valley,pn,noun,
death_warrant,c,noun,
debit_card,c,noun,
definite_article,c,noun,
definite_integral,c,noun,
democratic_people_'s_republic_of_korea,pn,noun,
dengue_fever,c,noun,
dental_caries,c,noun,
dental_floss,c,noun,
department_store,c,noun,
depend_on,ffi,verb,
dependent_clause,c,noun,
desktop_publishing,c,noun,
diabetes_mellitus,c,noun,
diatomaceous_earth,c,noun,
diesel_engine,c,noun,
difference_of_opinion,s,noun,
differential_calculus,c,noun,
digital_camera,c,noun,
dim_sum,ffi,noun,
dining_room,c,noun,
disc_brake,c,noun,
disk_drive,c,noun,
display_window,c,noun,
distilled_water,c,noun,
dive_bomber,c,noun,
divine_service,c,noun,
dog_food,c,noun,
doll_'s_house,s,noun,
domestic_science,c,noun,
domestic_violence,c,noun,
dominican_republic,pn,noun,
donald_duck,pn,noun,
donets_basin,pn,noun,
double_bed,c,noun,
down_payment,c,noun,
dr_congo,pn,noun,
drive_off,ffi,verb,
drop_by,ffi,verb,
dry_season,c,noun,
due_date,c,noun,
dung_beetle,c,noun,
early_childhood,s,noun,
east_germany,pn,noun,
easter_egg,c,noun,
eastern_roman_empire,pn,noun,
eating_disorder,c,noun,
eau_de_cologne,ffi,noun,
economic_growth,c,noun,
egg_-_shaped,c,noun,
egg_cell,c,noun,
egg_white,c,noun,
eke_out,ffi,noun,
electric_chair,c,noun,
electrical_engineering,c,noun,
electron_microscope,c,noun,
electronic_mail,c,noun,
elementary_school,c,noun,
emergency_brake,c,noun,
employment_agency,c,noun,
employment_contract,c,noun,
end_of_the_world,s,noun,
engagement_ring,c,noun,
enteric_fever,c,noun,
environmental_science,c,noun,
escort_agency,c,noun,
essential_oil,c,noun,
estate_car,c,noun,
estate_tax,c,noun,
ethnic_cleansing,c,noun,
euclidean_geometry,c,noun,
euclidean_space,c,noun,
european_perch,c,noun,
evening_primrose,c,noun,
evening_star,c,noun,
every_so_often,ffi,adv,
evil_eye,c,noun,
ex_libris,ffi,noun,
exchange_of_letters,s,noun,
exclamation_mark,c,noun,
exhaust_pipe,c,noun,
extension_cord,c,noun,
extra_time,s,noun,
eye_socket,c,noun,
facial_hair,c,noun,
fairy_tale,c,noun,
fait_accompli,ffi,noun,
fall_apart,ffi,verb,
fall_asleep,ffi,verb,
fall_guy,c,noun,
fallow_deer,c,noun,
family_business,c,noun,
far_-_flung,c,adj,
farm_worker,c,noun,
faroe_islands,c,noun,
fed_up,ffi,adj,
federal_government,pn,noun,
federated_states_of_micronesia,pn,noun,
female_circumcision,c,noun,
femme_fatale,pn,noun,
festival_of_lights,s,noun,
field_marshal,c,noun,
field_mouse,c,noun,
fighter_pilot,c,noun,
figure_of_speech,s,noun,
fill_out,ffi,verb,
find_out,ffi,verb,
fine_arts,c,noun,
fire_alarm,c,noun,
fire_extinguisher,c,noun,
first_gear,c,noun,
first_language,c,noun,
first_name,c,noun,
first_of_all,ffi,adv,
first_up,ffi,adv,
fiscal_deficit,c,noun,
fiscal_year,c,noun,
fission_bomb,c,noun,
fixed_disk,c,noun,
flash_flood,c,noun,
flat_cap,c,noun,
focal_point,c,noun,
food_additive,c,noun,
food_chain,c,noun,
food_colouring,c,noun,
food_court,c,noun,
fool_'s_gold,s,noun,
fore_-_and_-_aft,s,adv,
forest_fire,c,noun,
forget_-_me_-_not,ffi,noun,
formic_acid,c,noun,
fortified_wine,c,noun,
fountain_pen,c,noun,
four_-_stroke_engine,c,noun,
four_-dimensional,c,adj,
fox_terrier,c,noun,
free_of_charge,ffi,adj,adv
free_throw,c,noun,
freedom_fighter,c,noun,
freedom_of_religion,s,noun,
freedom_of_the_press,s,noun,
french_kiss,c,noun,
fried_rice,c,noun,
friuli-venezia_giulia,pn,noun,
from_scratch,s,adv,
frontal_bone,c,noun,
fruit_fly,c,noun,
fruit_juice,c,noun,
fruit_salad,c,noun,
fruit_tree,c,noun,
full_-_fledged,c,adj,
full_house,ffi,noun,
full_moon,c,noun,
full_stop,c,noun,
fully_grown,c,noun,
fusion_reactor,c,noun,
futures_contract,c,noun,
gall_bladder,c,noun,
game_of_chance,ffi,noun,
game_theory,c,noun,
garbage_can,c,noun,
gas_chamber,c,noun,
gas_pump,c,noun,
gastric_acid,c,noun,
gather_together,ffi,verb,
gear_wheel,c,noun,
general_election,c,noun,
general_practitioner,c,noun,
general_relativity,c,noun,
genghis_khan,pn,noun,
german_democratic_republic,pn,noun,
german_mark,c,noun,
get_rid_of,ffi,verb,
ghost_ship,c,noun,
ghost_town,c,noun,
giant_lizard,c,noun,
giant_panda,c,noun,
giant_squid,c,noun,
give_a_damn,ffi,verb,
given_name,c,noun,
global_positioning_system,c,noun,
go_back,ffi,verb,
go_out,ffi,verb,
go_wrong,ffi,verb,
goings_-_on,c,noun,
gold_coast,pn,noun,
gold_medal,c,noun,
golden_horde,pn,noun,
golf_course,c,noun,
good_deal,ffi,noun,
good_luck,c,noun,
goose_bumps,pn,noun,
governor_general,c,noun,
grade_crossing,c,noun,
grade_school,c,noun,
graduate_school,c,noun,
graduate_student,c,noun,
grape_juice,c,noun,
grave_accent,c,noun,
gravitational_field,c,noun,
gravitational_force,c,noun,
great_-_nephew,c,noun,
great_barrier_reef,c,noun,
great_bear,c,noun,
great_crested_grebe,c,noun,
great_dane,c,noun,
great_deal,ffi,noun,
great_lakes,pn,noun,
great_white_shark,c,noun,
greco_-_roman,c,adj,
green_light,c,noun,
greenhouse_effect,c,noun,
greenhouse_gas,c,noun,
gross_national_product,c,noun,
ground_beef,c,noun,
ground_forces,c,noun,
ground_nut,c,noun,
grow_up,ffi,verb,
guest_worker,c,noun,
guide_dog,c,noun,
half_-_life,c,noun,
hand_grenade,c,noun,
hand_out,ffi,verb,
hand_over,ffi,verb,
hang_glider,c,noun,
hang_gliding,c,noun,
hang_up,ffi,verb,
hara_-_kiri,ffi,noun,
hard_luck,pn,noun,
hardware_store,c,noun,
have_a_look,ffi,verb,
hay_fever,c,noun,
hazel_nut,c,noun,
head_of_state,s,noun,
health_care,c,noun,
heart_failure,c,noun,
heat_shield,c,noun,
heavy_metal,c,noun,
hedge_fund,c,noun,
herpes_simplex,ffi,noun,
high_energy_physics,c,noun,
high_german,pn,noun,
high_spirits,pn,noun,
high_treason,c,noun,
higher_education,c,noun,
hilbert_space,c,noun,
hinge_on,ffi,verb,
hiv_virus,c,noun,
holding_company,c,noun,
holy_saturday,pn,noun,
holy_water,c,noun,
home_economics,c,noun,
home_page,c,noun,
homeless_person,c,noun,
honey_buzzard,c,noun,
hong_kong,pn,noun,
horizontal_bar,c,noun,
horn_of_africa,s,noun,
horse_racing,c,noun,
hostile_takeover,c,noun,
hot_-_air_balloon,c,noun,
hot_air,c,noun,
hot_chocolate,c,noun,
hot_spring,c,noun,
house_arrest,c,noun,
house_cat,c,noun,
house_mouse,c,noun,
house_of_cards,ffi,noun,
house_of_lords,pn,noun,
hudson_river,pn,noun,
hue_and_cry,ffi,noun,
hugue_not,pn,noun,
human_nature,c,noun,
hunger_strike,c,noun,
huntington_'s_disease,c,noun,
hush_-_hush,ffi,adj,
hydrogen_sulfide,c,noun,
hyoid_bone,c,noun,
ice_age,pn,noun,
ice_cream,c,noun,
ice_hockey,c,noun,
ice_skate,c,verb,noun
ideal_gas,c,noun,
igneous_rock,c,noun,
ill_-_advised,c,adj,
imperative_mood,c,noun,
in_addition,ffi,adv,
in_all_probability,ffi,adv,
in_any_case,ffi,adv,
in_any_event,ffi,adv,
in_chorus,ffi,adv,
in_common,ffi,adv,
in_group,ffi,prep,
in_lieu_of,ffi,prep,
in_pain,ffi,prep,
in_reality,ffi,adv,
in_situ,ffi,adj,adv
in_the_nick_of_time,ffi,adv,
in_this_day_and_age,ffi,adv,
incandescent_lamp,c,noun,
indefinite_article,c,noun,
independent_variable,c,noun,
index_finger,c,noun,
indian_ocean,pn,noun,
indian_rhinoceros,c,noun,
indian_summer,c,noun,
indicative_mood,c,noun,
inert_gas,c,noun,
information_technology,c,noun,
inheritance_tax,c,noun,
inner_circle,c,noun,
inner_city,c,noun,
inorganic_compound,c,noun,
insane_asylum,c,noun,
inside_out,ffi,adv,
instant_coffee,c,noun,
integral_calculus,c,noun,
inter_alia,ffi,adv,
interest_rate,c,noun,
international_agreement,c,noun,
international_system_of_units,s,noun,
intertidal_zone,c,noun,
intervertebral_disc,c,noun,
inverse_function,c,noun,
irish_sea,pn,noun,
iron_hand,ffi,noun,
iron_lung,c,noun,
iron_maiden,ffi,noun,
islamic_republic_of_iran,pn,noun,
isle_of_man,pn,noun,
isosceles_triangle,c,noun,
jack_of_all_trades,ffi,noun,
jack_the_ripper,pn,noun,
james_bond,pn,noun,
jammu_and_kashmir,pn,noun,
jehovah_'s_witness,pn,noun,
jehovah_'s_witnesses,pn,noun,
jelly_bean,c,adj,
jet_-_black,c,adj,
jet_engine,c,noun,
jet_lag,c,noun,
jet_set,c,noun,
jigsaw_puzzle,c,noun,
job_description,s,noun,
john_doe,c,noun,
john_milton,pn,noun,
john_the_baptist,pn,noun,
joint_venture,c,noun,
julian_calendar,pn,noun,
junk_mail,c,noun,
just_in_time,ffi,noun,
kara_sea,pn,noun,
keep_on,ffi,verb,
keep_up,ffi,verb,
khmer_rouge,pn,noun,
kick_out,ffi,verb,
kidney_bean,c,noun,
king_cobra,c,noun,
kingdom_of_belgium,pn,noun,
kingdom_of_norway,pn,noun,
knock_down,ffi,noun,
know_-_it_-_all,s,noun,
korean_war,c,noun,
krebs_cycle,c,noun,
ku_klux_klan,pn,noun,
labor_market,c,noun,
lactic_acid,c,noun,
lake_erie,pn,noun,
lance_corporal,c,noun,
landing_strip,c,noun,
language_barrier,c,noun,
laparoscopic_surgery,c,noun,
laptop_computer,c,noun,
large_-_scale,c,noun,
large_intestine,c,noun,
last_hurrah,c,noun,
last_name,c,noun,
late_latin,c,noun,
latin_alphabet,pn,noun,
latin_america,pn,noun,
latin_american,c,adj,
latin_script,pn,noun,
latissimus_dorsi,ffi,noun,
lawn_mower,c,noun,
lay_-_by,ffi,verb,
le_havre,pn,noun,
leap_day,c,noun,
leap_second,c,noun,
learning_disability,c,noun,
leave_behind,ffi,verb,
left_wing,c,noun,
let_go,ffi,verb,
let_loose,ffi,verb,
liability_insurance,c,noun,
lieutenant_colonel,c,noun,
lieutenant_commander,c,noun,
life_-_style,c,noun,
life_assurance,c,noun,
life_insurance,c,noun,
life_jacket,c,noun,
life_science,c,noun,
life_sentence,c,noun,
life_style,c,noun,
light_up,ffi,verb,
lily_of_the_valley,c,noun,
linoleic_acid,c,noun,
lion_city,pn,noun,
liquor_store,c,noun,
little_finger,c,noun,
little_russian,pn,noun,
live_with,s,verb,
liven_up,c,adj,
loan_shark,c,noun,
loch_ness,pn,noun,
lock_up,ffi,verb,
log_off,ffi,verb,
long_ago,ffi,adv,
long_jump,c,noun,
long_river,c,noun,
look_-_alike,ffi,noun,
look_for,ffi,verb,
look_forward,ffi,verb,
look_on,ffi,verb,
lord_'s_prayer,pn,noun,
losing_streak,c,noun,
love_affair,c,noun,
love_child,c,noun,
love_song,c,noun,
low_tide,c,noun,
lumbar_puncture,c,noun,
lyme_disease,c,noun,
machine_gun,c,noun,
machine_language,c,noun,
machu_picchu,pn,noun,
magic_trick,c,noun,
magnesium_oxide,c,noun,
magnetic_moment,c,noun,
magnifying_glass,c,noun,
main_clause,c,noun,
main_course,c,noun,
main_diagonal,c,noun,
major_axis,c,noun,
make_off,ffi,noun,
make_sense_of,ffi,verb,
make_up,c,noun,
mammary_gland,c,noun,
man_-_eater,c,noun,
man_friday,ffi,noun,
man_of_letters,s,noun,
mandarin_chinese,pn,noun,
manic_depression,c,noun,
mardi_gras,pn,noun,
marriage_of_convenience,s,noun,
marshall_islands,pn,noun,
mass_murder,c,noun,
master_race,pn,noun,
match_point,c,noun,
materia_medica,ffi,noun,
maternity_ward,c,noun,
mean_sea_level,c,noun,
meat_market,c,noun,
mechanical_engineering,c,noun,
medieval_english,c,noun,
medieval_russia,pn,noun,
melting_point,c,noun,
melting_pot,ffi,noun,
men_'s_room,ffi,noun,
mental_breakdown,c,noun,
mental_health,c,noun,
mental_hospital,c,noun,
microwave_oven,c,noun,
middle_class,c,noun,
military_personnel,c,noun,
military_police,c,noun,
military_service,c,noun,
milk_chocolate,c,noun,
milky_way_galaxy,c,noun,
milling_machine,c,noun,
mind_-_numbing,c,adj,
minister_for_foreign_affairs,s,noun,
mink_coat,c,noun,
minus_sign,c,noun,
missing_link,c,noun,
modulus_of_elasticity,c,noun,
molecular_biology,c,noun,
molecular_genetics,c,noun,
money_laundering,c,noun,
monkey_wrench,c,noun,
monsoon_season,c,noun,
mop_up,ffi,verb,
morning_glory,c,noun,
morning_sickness,c,noun,
most_often,ffi,adv,
mother_-_in_-_law,s,noun,
mother_'s_day,pn,noun,
mother_superior,c,noun,
motion_sickness,c,noun,
motive_power,c,noun,
mount_fuji,pn,noun,
mountain_bike,c,noun,
mountain_range,c,noun,
movie_star,c,noun,
muscular_dystrophy,c,noun,
music_school,c,noun,
music_stand,c,noun,
musical_box,c,noun,
musical_chairs,c,noun,
mute_swan,c,noun,
national_holiday,c,noun,
national_park,c,noun,
natural_gas,c,noun,
natural_language,c,noun,
natural_scientist,c,noun,
natural_selection,c,noun,
nature_morte,ffi,noun,
navy_blue,c,noun,
nepal_bhasa,pn,noun,
nerve_agent,c,noun,
nerve_gas,c,noun,
nervous_breakdown,c,noun,
new_brunswick,pn,noun,
new_guinea,pn,noun,
new_ireland,pn,noun,
new_jersey,pn,noun,
new_mexico,pn,noun,
new_moon,c,noun,
new_testament,pn,noun,
new_year_'s_day,ffi,noun,
new_year_'s_eve,ffi,noun,
new_zealander,pn,noun,
next_door,c,noun,
nicotinic_acid,c,noun,
night_owl,c,noun,
no_longer,ffi,adv,
noble_metal,c,noun,
noise_pollution,c,noun,
nom_de_plume,ffi,noun,
nominative_case,c,noun,
norfolk_island,pn,noun,
north_africa,pn,noun,
north_america,pn,noun,
north_atlantic,pn,noun,
north_atlantic_ocean,pn,noun,
north_carolina,pn,noun,
north_korean,pn,adj,
north_sea,pn,noun,
north_star,c,noun,
northern_lights,c,noun,
northern_mariana_islands,pn,noun,
northern_marianas,pn,noun,
not_well,s,adj,
notice_board,c,noun,
nuclear_bomb,c,noun,
nuclear_energy,c,noun,
nuclear_power,c,noun,
nuclear_reaction,c,noun,
nuclear_winter,c,noun,
nursery_school,c,noun,
nursing_home,c,noun,
occipital_lobe,c,noun,
oedipus_complex,c,noun,
ohm_'s_law,pn,noun,
oil_palm,c,noun,
oil_rig,c,noun,
oklahoma_city,pn,noun,
old_-_fashioned,c,noun,
old_age,c,noun,
old_english,c,noun,
old_frisian,c,noun,
old_hand,ffi,adj,
old_irish,pn,noun,
old_maid,c,noun,
old_man,c,noun,
old_prussian,pn,noun,adj
old_slavic,pn,noun,
old_stone_age,pn,noun,
olive_tree,c,noun,
olympic_games,c,noun,
on_purpose,ffi,prep,
on_the_other_hand,ffi,prep,
on_the_whole,ffi,adv,
one_-_night_stand,c,noun,
one_-_way_street,c,noun,
one_by_one,ffi,adv,
one_of_a_kind,s,adj,
one_-time,c,adj,
opera_house,c,noun,
operating_room,c,noun,
opt_out,ffi,verb,
oral_sex,c,noun,
organized_crime,c,noun,
osmotic_pressure,c,noun,
other_side,s,noun,
otitis_media,c,noun,
ottoman_empire,pn,noun,
our_father,pn,noun,
out_of_the_blue,ffi,adv,
over_-the_-_counter,ffi,adj,
overhand_knot,c,noun,
ozone_layer,c,noun,
pacific_ocean,pn,noun,
palm_oil,c,noun,
palm_tree,c,noun,
panama_canal,pn,noun,
panama_city,pn,noun,
pancreatic_cancer,c,noun,
panic_attack,c,noun,
panthera_tigris,c,noun,
parallel_bars,c,noun,
parking_spot,c,noun,
parkinson_'s_disease,c,noun,
parochial_school,c,noun,
part_-_time,c,noun,
part_with,ffi,verb,
particle_accelerator,c,noun,
particle_physics,c,noun,
paso_doble,ffi,noun,
pass_away,ffi,verb,
pass_out,ffi,verb,
passenger_car,c,noun,
passenger_ship,c,noun,
passion_fruit,c,noun,
past_participle,c,noun,
past_perfect,ffi,adj,
pastry_shop,c,noun,
paternity_test,c,noun,
peace_pipe,c,noun,
pear_tree,c,noun,
peel_off,ffi,verb,
pellet_gun,c,noun,
pen_name,c,noun,
pen_pal,c,noun,
pension_fund,c,noun,
people_'s_liberation_army,pn,noun,
per_capita,ffi,adv,
per_diem,ffi,adv,
per_se,ffi,noun,
periodic_table,c,noun,
peripheral_nervous_system,c,noun,
perpetual_motion_machine,c,noun,
persian_gulf,pn,noun,
personal_property,c,noun,
pet_shop,c,noun,
petri_dish,c,noun,
petrol_station,c,noun,
phantom_limb,c,noun,
phnom_penh,pn,noun,
phone_booth,c,noun,
phosphoric_acid,c,noun,
physical_education,c,noun,
piano_accordion,c,noun,
pick_up,ffi,verb,
pickup_truck,c,noun,
piece_of_furniture,s,noun,
pilot_whale,c,noun,
pineal_gland,c,noun,
pipe_bomb,c,noun,
pit_stop,c,noun,
plastic_art,c,noun,
playing_field,c,noun,
pleural_cavity,c,noun,
plug_in,ffi,verb,
plus_sign,c,noun,
point_-_blank,ffi,noun,
point_out,ffi,noun,
polar_bear,c,noun,
pole_vault,c,noun,
police_station,c,noun,
political_party,c,noun,
poop_deck,c,noun,
pop_group,c,noun,
pop_music,c,noun,
port_louis,pn,noun,
port_wine,c,noun,
portmanteau_word,c,noun,
pound_sterling,pn,noun,
powder_keg,c,noun,
power_of_attorney,s,noun,
power_plant,c,noun,
prayer_beads,c,noun,
prayer_book,c,noun,
present_tense,c,noun,
press_agency,c,noun,
press_release,c,noun,
pressure_cooker,c,noun,
price_list,c,noun,
prima_donna,ffi,noun,
prime_factor,c,noun,
prime_meridian,c,noun,
prime_number,c,noun,
principality_of_liechtenstein,s,noun,
prisoner_of_war,ffi,noun,
private_detective,c,noun,
private_eye,c,noun,
private_investigator,c,noun,
private_school,c,noun,
programming_language,c,noun,
proper_noun,c,noun,
property_tax,c,noun,
province_of_manitoba,pn,noun,
public_domain,c,noun,
public_image,c,noun,
public_law,c,noun,
public_servant,c,noun,
puerto_rico,pn,noun,
pull_-_down,ffi,noun,
pull_-_up,c,noun,
purchase_order,c,noun,
put_away,ffi,verb,
put_inside,ffi,verb,
put_up,ffi,verb,
put_up_with,ffi,verb,
pyrrhic_victory,c,noun,
quadratic_equation,c,noun,
quantity_of_money,s,noun,
quantum_mechanics,c,noun,
queen_consort,c,noun,
queen_regnant,ffi,noun,
quid_pro_quo,ffi,noun,
quintana_roo,pn,noun,
rabbit_hole,c,noun,
radial_engine,c,noun,
radiation_sickness,c,noun,
radio_wave,c,noun,
railroad_car,c,noun,
railroad_station,c,noun,
railroad_tie,c,noun,
random_access_memory,c,noun,
ray_of_light,s,noun,
reading_room,c,noun,
real_estate_tax,c,noun,
real_life,c,noun,
real_number,c,noun,
rear_admiral,c,noun,
rear_window,c,noun,
record_player,c,noun,
red_bean,c,noun,
red_deer,c,noun,
red_dwarf,pn,noun,
red_herring,c,noun,
red_tape,c,noun,
reinforced_concrete,c,noun,
relating_to,ffi,prep,
relational_database,c,noun,
relative_humidity,c,noun,
relief_valve,c,noun,
republic_of_albania,pn,noun,
republic_of_cuba,pn,noun,
republic_of_cyprus,pn,noun,
republic_of_estonia,pn,noun,
republic_of_ghana,pn,noun,
republic_of_korea,pn,noun,
republic_of_latvia,pn,noun,
republic_of_lithuania,pn,noun,
republic_of_moldova,pn,noun,
republic_of_poland,pn,noun,
republic_of_slovenia,pn,noun,
republic_of_the_congo,pn,noun,
respiratory_system,c,noun,
response_time,c,noun,
retail_outlet,c,noun,
revenue_stamp,c,noun,
rhetorical_question,c,noun,
rib_cage,c,noun,
richter_scale,pn,noun,
right_-_handed,c,adj,
right_-_hander,c,noun,
right_triangle,c,noun,
ring_finger,c,noun,
ring_road,c,noun,
roast_beef,c,noun,
rock_band,c,noun,
rock_crystal,c,noun,
rock_music,c,noun,
rock_salt,c,noun,
rocket_engine,c,noun,
roe_deer,c,noun,
roller_skate,c,noun,
rolling_stock,c,noun,
roman_script,pn,noun,
rose_garden,c,noun,
rose_window,c,noun,
round_table,c,noun,
rubbish_bin,c,noun,
run_off,ffi,verb,
rush_hour,c,noun,
russian_federation,pn,noun,
safe_and_sound,ffi,adj,
saint_george,pn,noun,
saint_lucia,pn,noun,
saint_petersburg,pn,noun,
saint_vincent_and_the_grenadines,pn,noun,
salt_marsh,c,noun,
salvation_army,pn,noun,
san_salvador,pn,noun,
santa_claus,pn,noun,
santa_fe,pn,noun,
scalar_product,c,noun,
school_bus,c,noun,
science_fiction,c,noun,
scottish_gaelic,c,adj,
sea_bass,c,noun,
sea_of_japan,pn,noun,
sea_of_okhotsk,pn,noun,
sea_rover,c,noun,
sea_urchin,c,noun,
search_warrant,c,noun,
season_ticket,c,noun,
second_world_war,pn,noun,
secretary_general,c,noun,
security_guard,c,noun,
sedge_warbler,c,noun,
sedimentary_rock,c,noun,
see_-_through,ffi,adj,
self_-_awareness,c,noun,
self_-_confidence,c,noun,
self_-_contradictory,c,adj,
self_-_destruction,c,noun,
self_-_destructive,c,adj,
self_-_esteem,c,noun,
self_-_service,c,noun,
self_-_sufficient,c,adj,
self_-conscious,c,adj,
sense_of_smell,s,noun,
serial_killer,c,noun,
sermon_on_the_mount,ffi,noun,
sesame_oil,c,noun,
set_afire,ffi,verb,
set_out,ffi,verb,
set_up,ffi,verb,
settle_down,ffi,verb,
sewing_machine,c,noun,
sex_drive,c,noun,
sexual_intercourse,c,noun,
sexually_transmitted_disease,c,noun,
sexually_transmitted_infection,c,noun,
shangri_-_la,pn,noun,
shelf_life,c,noun,
sherlock_holmes,pn,noun,
shetland_islands,pn,noun,
shift_key,c,noun,
shock_wave,c,noun,
shop_window,c,noun,
shopping_cart,c,noun,
short_circuit,c,noun,
shorthand_typist,c,noun,
shot_glass,c,noun,
shot_put,c,noun,
show_off,ffi,verb,
show_up,ffi,verb,
shrove_tuesday,pn,noun,
side_street,c,noun,
sierra_leone,pn,noun,
sign_language,c,noun,
silica_gel,c,noun,
silicon_valley,c,noun,
sin_city,pn,noun,
single_-_handedly,ffi,adv,
single_-_minded,c,adj,
sino_-_tibetan,pn,adj,noun
sit_down,ffi,verb,
sitting_room,c,noun,
six_pack,c,noun,
skull_and_crossbones,ffi,noun,
sleeping_bag,c,noun,
sleeping_beauty,pn,noun,
slumber_party,c,noun,
small_hours,ffi,noun,
snare_drum,c,noun,
snow_-_covered,c,adj,
snow_-_white,ffi,adj,
snow_leopard,c,noun,
so_-_so,ffi,adj,
so_far,ffi,adv,
soap_bubble,c,noun,
soap_opera,c,noun,
social_class,c,noun,
social_contract,c,noun,
social_work,c,noun,
social_worker,c,noun,
sockeye_salmon,c,noun,
soda_pop,c,noun,
sodium_bicarbonate,c,noun,
sodium_carbonate,c,noun,
sodium_hydroxide,c,noun,
sodium_hypochlorite,c,noun,
software_engineer,c,noun,
solar_eclipse,c,noun,
solar_system,c,noun,
soldier_of_fortune,s,noun,
solid_ground,ffi,noun,
solomon_islands,pn,noun,
song_thrush,c,noun,
sound_wave,c,noun,
soup_kitchen,c,noun,
south_africa,pn,noun,
south_american,c,noun,
south_korea,pn,noun,
south_west_africa,pn,noun,
soviet_socialist_republic,pn,noun,
space_age,pn,noun,
space_bar,c,noun,
space_capsule,c,noun,
space_probe,c,noun,
spare_time,c,noun,
spark_plug,c,noun,
speech_act,c,noun,
speech_community,c,noun,
speed_up,ffi,verb,
sperm_bank,c,noun,
sphere_of_influence,s,noun,
split_up,ffi,verb,
spontaneous_generation,c,noun,
sports_car,c,noun,
spotted_hyena,c,noun,
spring_onion,c,noun,
square_foot,c,noun,
square_inch,c,noun,
square_matrix,c,noun,
sri_lanka,pn,noun,
st_._george_'s,pn,noun,
st_._john_'s,pn,noun,
stag_party,c,noun,
stage_fright,c,noun,
stand_-_in,c,noun,
standard_chinese,pn,noun,
standard_of_living,s,noun,
standing_stone,c,noun,
star_-_spangled_banner,pn,noun,
stars_and_stripes,pn,noun,
statue_of_liberty,pn,noun,
status_quo,ffi,noun,
statute_law,c,noun,
statutory_rape,c,noun,
steam_boiler,c,noun,
steam_engine,c,noun,
stem_cell,c,noun,
stick_out,ffi,verb,
stochastic_process,c,noun,
straight_line,c,noun,
straighten_out,ffi,verb,
strait_of_gibraltar,pn,noun,
straw_man,c,noun,
straw_poll,c,noun,
stringed_instrument,c,noun,
strong_point,c,noun,
submachine_gun,c,noun,
succinic_acid,c,noun,
sudden_infant_death_syndrome,c,noun,
sui_generis,ffi,adj,
sultanate_of_oman,pn,noun,
summer_solstice,c,noun,
suntan_lotion,c,noun,
swimming_pool,c,noun,
tail_end,c,noun,
take_a_look,ffi,verb,
take_a_seat,ffi,verb,
take_after,ffi,verb,
take_care_of_business,s,noun,
take_into_account,s,verb,
take_leave,ffi,verb,
take_over,ffi,verb,
take_part,ffi,verb,
take_place,ffi,verb,
talk_show,c,noun,
tam_-_tam,ffi,noun,
tamil_tigers,pn,noun,
tap_water,c,noun,
tartaric_acid,c,noun,
tax_evasion,c,noun,
tax_-exempt,c,adj,
tax_return,c,noun,
tea_ceremony,c,noun,
teacher_'s_pet,ffi,noun,
telephone_kiosk,c,noun,
television_channel,c,noun,
tell_apart,ffi,verb,
ten_commandments,pn,noun,
tennis_court,c,noun,
tennis_racket,c,noun,
terra_firma,ffi,noun,
text_file,c,noun,
that_is_to_say,ffi,adv,
the_bends,ffi,noun,
the_clap,ffi,noun,
the_globe,pn,noun,
the_law,s,noun,
the_plague,s,noun,
the_strip,pn,noun,
the_yukon,pn,noun,
theme_park,c,noun,
theme_song,c,noun,
theme_tune,c,noun,
these_days,s,adv,noun
third_party,ffi,noun,
third_reich,pn,noun,
this_day,s,noun,
throw_-_in,ffi,verb,
throw_away,ffi,verb,
throw_up,ffi,verb,
thus_far,ffi,adv,
tidy_up,ffi,verb,
tierra_del_fuego,pn,noun,
tightrope_walker,c,noun,
timber_wolf,c,noun,
time_-_consuming,c,adj,
time_and_time_again,ffi,adv,
time_bomb,c,noun,
time_capsule,c,noun,
time_of_arrival,s,noun,
time_out,s,noun,
tin_can,c,noun,
tom_thumb,pn,noun,
top_hat,c,noun,
top_quark,c,noun,
torres_strait,pn,noun,noun
tow_truck,c,noun,
town_planning,c,noun,
trade_name,c,noun,
trade_union,c,verb,
trade_wind,pn,noun,
traffic_circle,c,noun,
trash_can,c,noun,
travel_agency,c,noun,
tree_frog,c,noun,
tree_trunk,c,noun,
trench_coat,c,noun,
trial_and_error,ffi,noun,
tropic_of_cancer,pn,noun,
truck_stop,c,noun,
try_out,ffi,verb,
tulip_tree,c,noun,
turkey_vulture,c,noun,
turkish_bath,c,noun,
turn_up,ffi,verb,
twenty_-_fifth,ffi,misc,
two_-_piece,c,noun,
typographical_error,c,noun,
uncle_sam,pn,noun,
underground_railway,c,noun,
unit_of_measurement,s,noun,
united_kingdom,pn,noun,
united_kingdom_of_great_britain_and_northern_ireland,pn,noun,
united_nations,pn,noun,
united_states,pn,noun,
universal_set,c,noun,
ural_mountains,pn,noun,
urban_myth,c,noun,
uric_acid,c,noun,
urinary_bladder,c,noun,
ursa_major,c,noun,
user_-_friendly,c,adj,
user_interface,c,noun,
v.i_.,ffi,misc,
vacuum_tube,c,noun,
vagus_nerve,ffi,noun,
valentine_'s_day,pn,noun,
vanishing_point,c,noun,
vapor_pressure,c,noun,
vas_deferens,c,noun,
vatican_city,pn,noun,
vernal_equinox,pn,noun,
very_well,s,adv,
veterinary_surgeon,c,noun,
vice_president,c,noun,
vice_versa,ffi,adv,
vice_versa_.,ffi,adv,
victoria_falls,pn,noun,
video_game,c,noun,
virgin_forest,c,noun,
virgin_mary,pn,noun,
vitamin_c,ffi,noun,
vox_pop,ffi,noun,
wait_on,ffi,verb,
waiting_room,c,noun,
wake_-_up_call,c,noun,
walk_around,ffi,verb,
war_criminal,c,noun,
war_cry,c,noun,
war_game,c,noun,
warm_front,c,noun,
warm_up,ffi,verb,
water_clock,c,noun,
water_fountain,c,noun,
water_lily,c,noun,
water_pipe,c,noun,
water_tower,c,noun,
weapon_of_mass_destruction,ffi,noun,
weather_deck,c,noun,
weather_vane,c,noun,
web_browser,c,noun,
web_page,c,noun,
web_site,c,noun,
wedding_dress,c,noun,
weeping_willow,c,noun,
well_-_behaved,s,adj,
well_-_being,ffi,noun,
well_-_endowed,c,adj,
well_-_founded,c,adj,
well_-_mannered,c,adj,
well_-_nigh,ffi,adv,
well_-_to_-_do,ffi,adj,
west_bengal,pn,noun,
west_germany,pn,noun,
west_indies,pn,noun,
western_sahara,pn,noun,
westminster_abbey,pn,noun,
whipped_cream,c,noun,
white_-_tailed_deer,c,noun,
white_blood_cell,c,noun,
white_bread,c,noun,
white_dwarf,c,noun,
white_trash,c,noun,
whole_lot,ffi,noun,
whole_milk,c,noun,
whole_note,c,noun,
whole_number,c,noun,
wide_area_network,c,noun,
wild_cherry,c,noun,
win_over,ffi,verb,
wind_turbine,c,noun,
wine_bottle,c,noun,
wine_cellar,c,noun,
winter_solstice,c,noun,
wishful_thinking,c,noun,
witch_doctor,c,noun,
wood_sorrel,c,noun,
worcestershire_sauce,c,noun,
word_for_word,ffi,adv,
work_of_art,s,noun,
work_out,ffi,verb,
working_class,c,noun,
working_day,c,noun,
world_trade_organization,pn,noun,
world_war,c,noun,
world_war_2,pn,noun,
world_war_ii,pn,noun,
worn_-_out,s,adj,
write_down,ffi,verb,
write_out,ffi,verb,
wrought_iron,c,noun,
x_-_ray,ffi,noun,
yellow_river,pn,noun,
young_girl,s,noun,
young_man,c,noun,
yukon_territory,pn,noun,
zoom_in,ffi,verb,
